{
    "Objects": [
        {
            "name": "Land_Misc_FireBarrel_Blue",
            "pos": [
                2562.97412109375,
                41.019283294677737,
                9044.3330078125
            ],
            "ypr": [
                0.0,
                0.0,
                -0.0
            ],
            "scale": 1.0,
            "enableCEPersistency": 0
        },
        {
            "name": "Land_Misc_FireBarrel_Blue",
            "pos": [
                2555.46240234375,
                41.05075454711914,
                9060.9658203125
            ],
            "ypr": [
                0.0,
                0.0,
                -0.0
            ],
            "scale": 1.0,
            "enableCEPersistency": 0
        }
    ]
}